{
  "train_loss": [
    0.46116508146127067,
    0.19782743354638418,
    0.12754398646454015,
    0.11494861717025438,
    0.06208981719488899
  ],
  "val_loss": [
    0.5508847888559103,
    0.35966586926952004,
    0.2114000867586583,
    0.06537197399302386,
    0.12303513591177762
  ],
  "train_acc": [
    0.7770700636942676,
    0.9426751592356688,
    0.9532908704883227,
    0.9617834394904459,
    0.9808917197452229
  ],
  "val_acc": [
    0.801980198019802,
    0.900990099009901,
    0.9603960396039604,
    0.9801980198019802,
    0.9702970297029703
  ],
  "train_f1": [
    0.7672811059907834,
    0.8920940170940171,
    0.9582299421009098,
    0.9796206618240517,
    0.9690847872666054
  ],
  "val_f1": [
    0.7672811059907834,
    0.8920940170940171,
    0.9582299421009098,
    0.9796206618240517,
    0.9690847872666054
  ]
}